<?xml version="1.0" encoding="UTF-8"?>
<beans xmlns="http://www.springframework.org/schema/beans"
	xmlns:xsi="http://www.w3.org/2001/XMLSchema-instance"
	xmlns:tx="http://www.springframework.org/schema/tx"
	xmlns:mybatis-spring="http://mybatis.org/schema/mybatis-spring"
	xmlns:mvc="http://www.springframework.org/schema/mvc"
	xsi:schemaLocation="http://www.springframework.org/schema/jdbc http://www.springframework.org/schema/jdbc/spring-jdbc-4.3.xsd
		http://mybatis.org/schema/mybatis-spring http://mybatis.org/schema/mybatis-spring-1.2.xsd
		http://www.springframework.org/schema/mvc http://www.springframework.org/schema/mvc/spring-mvc-3.1.xsd
		http://www.springframework.org/schema/beans http://www.springframework.org/schema/beans/spring-beans-4.3.xsd
		http://www.springframework.org/schema/tx http://www.springframework.org/schema/tx/spring-tx-4.3.xsd">

    <!-- 데이터베이스 연결 -->
    <bean id="dataSource" class="org.apache.commons.dbcp.BasicDataSource" destroy-method="close">
        <property name="driverClassName" value="oracle.jdbc.driver.OracleDriver"/>
        <property name="url" value="jdbc:oracle:thin:@127.0.0.1:1521:xe" />
        <property name="username" value="project"/>
        <property name="password" value="1234"/>
    </bean>

    <!-- SqlSession  -->
    <bean id="sqlSessionFactory" class="org.mybatis.spring.SqlSessionFactoryBean">
        <property name="dataSource" ref="dataSource" />

        <!-- MyBatis 설정 파일의 위치를 지정합니다. -->
        <property name="configLocation" value="classpath:/mybatis-config.xml" />

        <!-- SQL 파일의 위치를 지정합니다. -->
        <property name="mapperLocations" value="classpath:/sqlmap/*.xml" />
    </bean>

    <!-- SqlSession -->
    <bean id="sqlSession" class="org.mybatis.spring.SqlSessionTemplate" destroy-method="clearCache">
        <constructor-arg name="sqlSessionFactory" ref="sqlSessionFactory" />
    </bean>

    <!-- 지정된 베이스 패키지에서 DAO(Mapper) 를  검색하여 등록합니다.-->
    <bean class="org.mybatis.spring.mapper.MapperScannerConfigurer">
         <property name="basePackage" value="com.ex.ics" />
    </bean>

    <!-- 트랜잭션 매니저 bean 을 등록합니다. -->
    <bean id="transactionManager" class="org.springframework.jdbc.datasource.DataSourceTransactionManager">
        <property name="dataSource" ref="dataSource" />
    </bean>

     <!-- 아노테이션 기반의 트랜잭션을 사용합니다. -->
     <tx:annotation-driven transaction-manager="transactionManager"/>
	
    <mvc:annotation-driven />
</beans>
