<?xml version="1.0" encoding="UTF-8"?>
<beans:beans xmlns="http://www.springframework.org/schema/mvc"
	xmlns:xsi="http://www.w3.org/2001/XMLSchema-instance" xmlns:beans="http://www.springframework.org/schema/beans"
	xmlns:context="http://www.springframework.org/schema/context"
	xsi:schemaLocation="http://www.springframework.org/schema/mvc http://www.springframework.org/schema/mvc/spring-mvc-4.3.xsd
		http://www.springframework.org/schema/beans http://www.springframework.org/schema/beans/spring-beans-4.3.xsd
		http://www.springframework.org/schema/context http://www.springframework.org/schema/context/spring-context-4.3.xsd"> 
		
		<!-- DispatcherServlet Context: defines this servlet's request-processing 
		infrastructure -->
		 <!-- Enables the Spring MVC @Controller programming model -->
	<annotation-driven /> 
	
	<!-- Handles HTTP GET requests for /resources/** by efficiently serving up 
		static resources in the ${webappRoot}/resources directory -->
	<resources mapping="/resources/**" location="/resources/" /> 
	
	<!-- Resolves views selected for rendering by @Controllers to .jsp resources 
		in the /WEB-INF/views directory -->
	<beans:bean
		class="org.springframework.web.servlet.view.InternalResourceViewResolver">
		<beans:property name="prefix" value="/WEB-INF/views/" />
		<beans:property name="suffix" value=".jsp" />
		<beans:property name="contentType" value="text/html; charset=UTF-8"/>
	</beans:bean>
	<context:component-scan base-package="com.ex.ics" />
	<context:annotation-config></context:annotation-config>


</beans:beans>
